{
  "coarse_true_axis_control": {
    "coarse_cellsize_nm": 6.0,
    "coarse_modes_run": [
      "target"
    ],
    "coarse_shape_xyz": [
      56,
      171,
      28
    ],
    "runs": {
      "target": {
        "bb_info": {
          "best_max_g": 3076.5869140625,
          "converged": true,
          "initial_max_g": 322897.34375,
          "max_g": 3076.5869140625,
          "max_iter_limited": false,
          "method": "alternating",
          "n_iter": 885,
          "stalled": false,
          "target_max_g": 3228.973388671875,
          "update": "cayley"
        },
        "bb_vs_coarse_llg_m": {
          "max_abs": 1.9998556971549988,
          "mean_dot": 0.14116863800483834,
          "vector_rms": 0.7566731637094419
        },
        "bb_vs_coarse_llg_target": {
          "loss": 5.4001540178218365e-05,
          "max_abs": 0.052827632054686546,
          "phase_rms": 0.01039245304807468
        },
        "bb_vs_imported_fine_target": {
          "loss": 39.47911573129994,
          "max_abs": 14.489160729572177,
          "phase_rms": 8.885844442854031
        },
        "llg_info": {
          "dt": 3e-12,
          "elapsed_s": 228.78025855496526,
          "max_steps": 300,
          "tol": 500000000.0
        },
        "llg_vs_imported_fine_target": {
          "loss": 39.50543102805216,
          "max_abs": 14.520118622109294,
          "phase_rms": 8.888805434708553
        }
      }
    },
    "target_npz": "notebooks/MBIR/neuralmag_cube_tower_outputs/cube_tower_coarse_llg_true_axis_targets.npz"
  },
  "fine_target_npz": "notebooks/MBIR/neuralmag_cube_tower_outputs/cube_tower_relaxed_comparison.npz",
  "fine_true_axis_control": {
    "bb_info": {
      "elapsed_s": 137.53535269922577,
      "max_g": 745.3994140625,
      "n_iter": 1367,
      "uses_projection": true
    },
    "bb_vs_llg": {
      "loss": 0.06104817504171095,
      "max_abs": 0.8127784729003906,
      "phase_rms": 0.3494228814537221
    },
    "bb_vs_llg_m": {
      "max_abs": 1.988542377948761,
      "mean_dot": -0.029107468571677023,
      "vector_rms": 0.8282944207897861
    },
    "bb_vs_saved_target": {
      "loss": 0.060354092880538376,
      "max_abs": 0.8107686042785645,
      "phase_rms": 0.34743083593871854
    },
    "fine_cellsize_nm": 3.0,
    "fine_shape_xyz": [
      112,
      342,
      56
    ],
    "initialization_used": "uniform_y",
    "llg_info": {
      "dt": 3e-12,
      "elapsed_s": 169.94428891688585,
      "max_steps": 300,
      "tol": 500000000.0
    },
    "llg_vs_saved_target": {
      "loss": 7.57299538213447e-06,
      "max_abs": 0.005672454833984375,
      "phase_rms": 0.0038917850357219038
    },
    "ovf_present": false,
    "saved_target_vs_bb_m": {
      "max_abs": 1.9884864687919617,
      "mean_dot": -0.029137850691032783,
      "vector_rms": 0.8281465760799864
    },
    "saved_target_vs_llg_m": {
      "max_abs": 0.011590838432312012,
      "mean_dot": 0.9996021081135387,
      "vector_rms": 0.0003349735956767022
    }
  },
  "llg_final_analysis": {
    "coarse_model_check": {
      "cellsize_nm": 6.0,
      "llg_info": {
        "dt": 3e-12,
        "elapsed_s": 228.78025855496526,
        "max_steps": 300,
        "tol": 500000000.0
      },
      "llg_vs_imported_fine_target": {
        "loss": 39.50543102805216,
        "max_abs": 14.520118622109294,
        "phase_rms": 8.888805434708553
      },
      "shape_xyz": [
        56,
        171,
        28
      ]
    },
    "coarse_to_fine_phase_rms_ratio": 2283.991883703754,
    "conclusion": "The coarse-grid LLG model does not reproduce the imported fine-grid target, so that discrepancy is a model/target mismatch. Fine-grid LLG reproduces the saved fine-grid target closely in both phase and magnetization, so the cube analysis should be finalized on the fine-grid LLG result.",
    "derived_from_summary_json": "notebooks/MBIR/neuralmag_cube_tower_outputs/cube_tower_solver_controls_summary.json",
    "fine_llg_reproduction_check": {
      "cellsize_nm": 3.0,
      "initialization_used": "uniform_y",
      "llg_info": {
        "dt": 3e-12,
        "elapsed_s": 169.94428891688585,
        "max_steps": 300,
        "tol": 500000000.0
      },
      "llg_vs_saved_target": {
        "loss": 7.57299538213447e-06,
        "max_abs": 0.005672454833984375,
        "phase_rms": 0.0038917850357219038
      },
      "ovf_present": false,
      "saved_target_vs_llg_m": {
        "max_abs": 0.011590838432312012,
        "mean_dot": 0.9996021081135387,
        "vector_rms": 0.0003349735956767022
      },
      "shape_xyz": [
        112,
        342,
        56
      ]
    },
    "neuralmag_backend": "jax",
    "recommended_basis": "Use the fine-grid LLG target stored in cube_tower_relaxed_comparison.npz as the trusted basis for follow-on cube analysis.",
    "status": "finalized_on_fine_llg",
    "trusted_llg_target_npz": "notebooks/MBIR/neuralmag_cube_tower_outputs/cube_tower_relaxed_comparison.npz"
  },
  "neuralmag_backend": "jax"
}
